"JobID","Status","Origin","Destination","TruckType","Drops","Subcontractor","StoredCost","ExpectedCost","Diff","MatchedOtherSub","Issue"
"JRS-2026-0005","Completed","ซีโน่ คลองส่งน้ำ","เมืองนครสวรรค์","6w พ่วง","0","เบญจวรรณ ขนส่ง","8748","9500","-752","KNN","PRICE_MISMATCH"
"JRS-2026-0007","Completed","ซีโน่ คลองส่งน้ำ","เมืองลำปาง","6w พ่วง","0","เบญจวรรณ ขนส่ง","20592","21000","-408","KNN","PRICE_MISMATCH"
"JRS-2026-0009","Completed","ซีโน่ คลองส่งน้ำ","เมืองกำแพงเพชร","6w พ่วง","0","เบญจวรรณ ขนส่ง","12960","13500","-540","KNN","PRICE_MISMATCH"
"JRS-2026-0014","Completed","ซีโน่ คลองส่งน้ำ","เมืองนครสวรรค์","6w พ่วง","0","เบญจวรรณ ขนส่ง","8748","9500","-752","KNN","PRICE_MISMATCH"
"JRS-2026-0015","Completed","ซีโน่ คลองส่งน้ำ","เมืองกำแพงเพชร","6w พ่วง","0","เบญจวรรณ ขนส่ง","12960","13500","-540","KNN","PRICE_MISMATCH"
"JRS-2026-0017","Completed","ซีโน่ คลองส่งน้ำ","เมืองเชียงใหม่","6w พ่วง","0","เบญจวรรณ ขนส่ง","22356","21000","1356","KNN","PRICE_MISMATCH"
"JRS-2026-0021","Completed","ซีโน่ คลองส่งน้ำ","เมืองเชียงใหม่","6w พ่วง","0","เบญจวรรณ ขนส่ง","22356","21000","1356","KNN","PRICE_MISMATCH"
"JRS-2026-0022","Completed","ซีโน่ คลองส่งน้ำ","เมืองเชียงใหม่","6w พ่วง","0","เบญจวรรณ ขนส่ง","22356","21000","1356","KNN","PRICE_MISMATCH"
"JRS-2026-0023","Completed","ซีโน่ คลองส่งน้ำ","เมืองเชียงใหม่","6w พ่วง","0","เบญจวรรณ ขนส่ง","22356","21000","1356","KNN","PRICE_MISMATCH"
"JRS-2026-0025","Completed","ซีโน่ คลองส่งน้ำ","เมืองเชียงใหม่","6w พ่วง","0","เบญจวรรณ ขนส่ง","22356","21000","1356","KNN","PRICE_MISMATCH"
"JRS-2026-0027","Completed","ซีโน่ คลองส่งน้ำ","เมืองพิษณุโลก","6w พ่วง","0","เบญจวรรณ ขนส่ง","12960","13800","-840","KNN","PRICE_MISMATCH"
"JRS-2026-0029","Completed","ซีโน่ คลองส่งน้ำ","เมืองเชียงใหม่","6w พ่วง","0","เบญจวรรณ ขนส่ง","22356","21000","1356","KNN","PRICE_MISMATCH"
"JRS-2026-0030","Completed","ซีโน่ คลองส่งน้ำ","เมืองนครสวรรค์","6w พ่วง","0","เบญจวรรณ ขนส่ง","8748","9500","-752","KNN","PRICE_MISMATCH"
"JRS-2026-0032","Completed","ซีโน่ คลองส่งน้ำ","เมืองเชียงใหม่","6w พ่วง","0","เบญจวรรณ ขนส่ง","22356","21000","1356","KNN","PRICE_MISMATCH"
"JRS-2026-0033","Completed","ซีโน่ คลองส่งน้ำ","เมืองเชียงใหม่","6w พ่วง","0","เบญจวรรณ ขนส่ง","22356","21000","1356","KNN","PRICE_MISMATCH"
"JRS-2026-0046","Completed","ซีโน่ คลองส่งน้ำ","เมืองเชียงใหม่","6w พ่วง","0","เบญจวรรณ ขนส่ง","22356","21000","1356","KNN","PRICE_MISMATCH"
"JRS-2026-0057","Completed","ซีโน่ คลองส่งน้ำ","เมืองพิษณุโลก","6w พ่วง","1","เบญจวรรณ ขนส่ง","12960","14800","-1840","KNN","PRICE_MISMATCH"
"JRS-2026-0077","Completed","ซีโน่ คลองส่งน้ำ","เมืองกำแพงเพชร","6w พ่วง","1","เบญจวรรณ ขนส่ง","12960","14500","-1540","KNN","PRICE_MISMATCH"
"JRS-2026-0084","Completed","ซีโน่ คลองส่งน้ำ","เมืองนครสวรรค์","6w","0","เบญจวรรณ ขนส่ง","6480","6500","-20","KNN","PRICE_MISMATCH"
"JRS-2026-0101","Completed","ยำยำ","ทูทวิน แม่สอด","10w พ่วง","0","โอเคนะ","16500","18500","-2000","","PRICE_MISMATCH"
"JRS-2026-0121","Completed","ซีโน่ คลองส่งน้ำ","เมืองนครสวรรค์","6w","0","เบญจวรรณ ขนส่ง","6480","6500","-20","KNN","PRICE_MISMATCH"
"JRS-2026-0134","Completed","ซีโน่ คลองส่งน้ำ","เมืองกำแพงเพชร","6w พ่วง","1","เบญจวรรณ ขนส่ง","12960","14500","-1540","KNN","PRICE_MISMATCH"
"JRS-2026-0145","Completed","นีโอคอร์ปอเรท คลอง13","ซีพีเอส ลำพูน","10w พ่วง","0","YSK","17000","18500","-1500","รถร่วม อดุลย์ ลำปาง","PRICE_MISMATCH"
"JRS-2026-0167","Completed","นีโอคอร์ปอเรท คลอง13","แจ่มฟ้า ลำพูน","10w พ่วง","0","รถร่วม อดุลย์ ลำปาง","18500","17000","1500","YSK","PRICE_MISMATCH"
"JRS-2026-0180","Completed","นีโอคอร์ปอเรท คลอง13","เมืองเชียงใหม่","10w พ่วง","0","YSK","17000","18500","-1500","รถร่วม อดุลย์ ลำปาง","PRICE_MISMATCH"
"JRS-2026-0182","Completed","ซีโน่ คลองส่งน้ำ","เมืองนครสวรรค์","6w","0","เบญจวรรณ ขนส่ง","6480","6500","-20","KNN","PRICE_MISMATCH"
"JRS-2026-0201","Completed","ยำยำ","ทูทวิน แม่สอด","10w พ่วง","0","วิวัฒน์ทรานส์","18500","19200","-700","โอเคนะ","PRICE_MISMATCH"
"JRS-2026-0207","Completed","ซีโน่ คลองส่งน้ำ","เมืองนครสวรรค์","6w พ่วง","0","เบญจวรรณ ขนส่ง","8748","9500","-752","KNN","PRICE_MISMATCH"
"JRS-2026-0208","Completed","ซีโน่ คลองส่งน้ำ","เมืองนครสวรรค์","6w","0","เบญจวรรณ ขนส่ง","6480","6500","-20","KNN","PRICE_MISMATCH"
"JRS-2026-0220","Completed","ซีโน่ คลองส่งน้ำ","เมืองนครสวรรค์","6w พ่วง","0","เบญจวรรณ ขนส่ง","8748","9500","-752","KNN","PRICE_MISMATCH"
"JRS-2026-0231","Assigned","ซีโน่ คลองส่งน้ำ","เมืองนครสวรรค์","6w พ่วง","0","เบญจวรรณ ขนส่ง","8748","9500","-752","KNN","PRICE_MISMATCH"
"JRS-2026-0232","Completed","ซีโน่ คลองส่งน้ำ","เมืองนครสวรรค์","6w พ่วง","0","เบญจวรรณ ขนส่ง","8748","9500","-752","KNN","PRICE_MISMATCH"
"JRS-2026-0242","Completed","ซีโน่ คลองส่งน้ำ","เมืองนครสวรรค์","6w พ่วง","0","เบญจวรรณ ขนส่ง","8748","9500","-752","KNN","PRICE_MISMATCH"
"JRS-2026-0281","Completed","ซีโน่ คลองส่งน้ำ","เมืองนครสวรรค์","6w","0","เบญจวรรณ ขนส่ง","6480","6500","-20","KNN","PRICE_MISMATCH"
"JRS-2026-0296","Assigned","ซีโน่ คลองส่งน้ำ","เมืองกำแพงเพชร","6w","0","เบญจวรรณ ขนส่ง","9600","7500","2100","KNN","PRICE_MISMATCH"
"JRS-2026-0312","Completed","โรงงานน้ำตาลไทยรุ่งเรือง(รง.พิษณุโลก)","คลังไทยชูการ์-พระประแดง สมุทรปราการ","10w พ่วง","0","นิวทำดี","11200","13440","-2240","เบญจวรรณ ขนส่ง","PRICE_MISMATCH"
"JRS-2026-0313","Completed","โรงงานน้ำตาลไทยรุ่งเรือง(รง.พิษณุโลก)","คลังไทยชูการ์-พระประแดง สมุทรปราการ","18w","0","เบญจวรรณ ขนส่ง","11550","11200","350","จิระศักดิ์","PRICE_MISMATCH"
"JRS-2026-0316","Completed","ล่ำสูง(บางปู)","วาไรตี้ ฟู้ดส์ อินเตอร์เนชั่นแนล สมุทรสาคร","6w","0","YSK","5000","4800","200","","PRICE_MISMATCH"
"JRS-2026-0355","Completed","นีโอคอร์ปอเรท คลอง13","แจ่มฟ้า ลำพูน","10w","0","รถร่วม อดุลย์ ลำปาง","13500","11500","2000","YSK","PRICE_MISMATCH"
"JRS-2026-0360","Completed","ไฮคิวผลิตภัณฑ์อาหาร","นีโอสยาม สาย3","10w พ่วง","0","เบญจวรรณ ขนส่ง","5500","6000","-500","KNN","PRICE_MISMATCH"
"JRS-2026-0372","Assigned","โรงงานน้ำตาลไทยรุ่งเรือง(รง.พิษณุโลก)","คลังไทยชูการ์-พระประแดง สมุทรปราการ","10w พ่วง","0","เบญจวรรณ ขนส่ง","13020","11200","1820","นิวทำดี KTD","PRICE_MISMATCH"
"JRS-2026-0374","Completed","โรงงานน้ำตาลไทยรุ่งเรือง(รง.พิษณุโลก)","คลังไทยชูการ์-พระประแดง สมุทรปราการ","10w พ่วง","0","นิวทำดี","13020","13440","-420","นิวทำดี KTD","PRICE_MISMATCH"
"JRS-2026-0375","Completed","โรงงานน้ำตาลไทยรุ่งเรือง(รง.พิษณุโลก)","คลังไทยชูการ์-พระประแดง สมุทรปราการ","10w พ่วง","0","เบญจวรรณ ขนส่ง","13020","11200","1820","นิวทำดี KTD","PRICE_MISMATCH"
"JRS-2026-0384","Completed","น้ำมันพืชไทย","นีโอสยาม นครสวรรค์","10w","1","YSK","7700","9000","-1300","","PRICE_MISMATCH"
"JRS-2026-0385","Completed","น้ำมันพืชไทย","ย่งยู่เส็ง นครสวรรค์","10w พ่วง","0","YSK","10000","12000","-2000","","PRICE_MISMATCH"
"JRS-2026-0396","Completed","ล่ำสูง(บางปู)","วาไรตี้ ฟู้ดส์ อินเตอร์เนชั่นแนล สมุทรสาคร","6w","0","YSK","5000","4800","200","","PRICE_MISMATCH"
"JRS-2026-0407","Completed","ซีโน่ คลองส่งน้ำ","เมืองพิษณุโลก","6w พ่วง","0","เบญจวรรณ ขนส่ง","12960","13800","-840","KNN","PRICE_MISMATCH"
"JRS-2026-0408","Completed","ซีโน่ คลองส่งน้ำ","เมืองกำแพงเพชร","6w พ่วง","1","เบญจวรรณ ขนส่ง","12960","14500","-1540","KNN","PRICE_MISMATCH"
"JRS-2026-0411","Completed","สหพัฒน์ศรีราชา","วรวิทย์ เทรดดิ้ง(นครปฐม)+นีโอสยาม สาย3","10w พ่วง","0","พรมณี 24เอช ทรานสปอร์ต","11500","12000","-500","","PRICE_MISMATCH"
"JRS-2026-0413","Completed","ซีโน่ คลองส่งน้ำ","เมืองพิษณุโลก","6w พ่วง","1","เบญจวรรณ ขนส่ง","12960","14800","-1840","KNN","PRICE_MISMATCH"
"JRS-2026-0427","Completed","ไฮคิวผลิตภัณฑ์อาหาร","นีโอสยาม สาย3","10w พ่วง","0","เบญจวรรณ ขนส่ง","5500","6000","-500","KNN","PRICE_MISMATCH"
"JRS-2026-0428","Completed","ล่ำสูง(บางปู)","นีโอสยาม สาย3","10w พ่วง","0","เบญจวรรณ ขนส่ง","5500","7000","-1500","KNN","PRICE_MISMATCH"
"JRS-2026-0429","Completed","ล่ำสูง(บางปู)","นีโอสยาม สาย3","10w พ่วง","0","เบญจวรรณ ขนส่ง","5500","7000","-1500","KNN","PRICE_MISMATCH"
"JRS-2026-0432","Completed","ยำยำ","แม็คโคร แม่สอด","10w พ่วง","0","โอเคนะ","18500","16500","2000","วิวัฒน์ทรานส์","PRICE_MISMATCH"
"JRS-2026-0433","Completed","ยำยำ","แม็คโคร แม่สอด","10w พ่วง","0","โอเคนะ","18500","16500","2000","วิวัฒน์ทรานส์","PRICE_MISMATCH"
"JRS-2026-0437","Completed","ซีโน่ คลองส่งน้ำ","เมืองพิษณุโลก","6w พ่วง","0","เบญจวรรณ ขนส่ง","12960","13800","-840","KNN","PRICE_MISMATCH"
"JRS-2026-0467","Completed","ยำยำ","ทูทวิน แม่สอด","10w พ่วง","0","วิวัฒน์ทรานส์","18500","19200","-700","โอเคนะ","PRICE_MISMATCH"
"JRS-2026-0475","Completed","สหพัฒน์ศรีราชา","นีโอสยาม สาย3","10w","0","พรมณี 24เอช ทรานสปอร์ต","6000","7000","-1000","YSK","PRICE_MISMATCH"
"JRS-2026-0478","Completed","ไทยเทพรส","สังขละบุรี","4w","0","รถร่วมคุณวสรรณ์","3800","5500","-1700","","PRICE_MISMATCH"
"JRS-2026-0479","Completed","ไทยเทพรส","สังขละบุรี","4w","0","รถร่วมคุณวสรรณ์","3800","5500","-1700","","PRICE_MISMATCH"
"JRS-2026-0480","Completed","ซีโน่ คลองส่งน้ำ","เมืองกำแพงเพชร","6w พ่วง","1","เบญจวรรณ ขนส่ง","12960","14500","-1540","KNN","PRICE_MISMATCH"
"JRS-2026-0495","Completed","ล่ำสูง(บางปู)","แม็คโคร วังน้อย","10w พ่วง","0","เซฟ โลจิสติกส์","6000","5800","200","","PRICE_MISMATCH"
"JRS-2026-0496","Completed","ล่ำสูง(บางปู)","แม็คโคร วังน้อย","10w พ่วง","0","เซฟ โลจิสติกส์","6000","5800","200","","PRICE_MISMATCH"
"JRS-2026-0500","Completed","สหพัฒน์ศรีราชา","นครปฐมไพศาล","10w พ่วง","0","พรมณี 24เอช ทรานสปอร์ต","8500","10500","-2000","YSK","PRICE_MISMATCH"
"JRS-2026-0501","Completed","สหพัฒน์ศรีราชา","นีโอสยาม สาย3","10w","0","พรมณี 24เอช ทรานสปอร์ต","6000","7000","-1000","YSK","PRICE_MISMATCH"
"JRS-2026-0502","Completed","ซีโน่ คลองส่งน้ำ","เมืองพิษณุโลก","6w พ่วง","1","เบญจวรรณ ขนส่ง","12960","14800","-1840","KNN","PRICE_MISMATCH"
"JRS-2026-0525","Completed","ล่ำสูง(บางปู)","นีโอสยาม สาย3","10w พ่วง","0","เบญจวรรณ ขนส่ง","5500","7000","-1500","KNN","PRICE_MISMATCH"
"JRS-2026-0526","Completed","ล่ำสูง(บางปู)","นีโอสยาม สาย3","10w พ่วง","0","เบญจวรรณ ขนส่ง","5500","7000","-1500","KNN","PRICE_MISMATCH"
"JRS-2026-0527","Completed","ล่ำสูง(บางปู)","แม็คโคร วังน้อย","10w พ่วง","0","เซฟ โลจิสติกส์","6000","5800","200","","PRICE_MISMATCH"
"JRS-2026-0528","Completed","ล่ำสูง(บางปู)","แม็คโคร วังน้อย","10w พ่วง","0","เซฟ โลจิสติกส์","6000","5800","200","","PRICE_MISMATCH"
"JRS-2026-0529","Completed","ล่ำสูง(บางปู)","แม็คโคร วังน้อย","10w พ่วง","0","เซฟ โลจิสติกส์","6000","5800","200","","PRICE_MISMATCH"
"JRS-2026-0530","Completed","ล่ำสูง(บางปู)","แม็คโคร วังน้อย","10w พ่วง","0","เซฟ โลจิสติกส์","6000","5800","200","","PRICE_MISMATCH"
"JRS-2026-0532","Completed","ซีโน่ คลองส่งน้ำ","เมืองพิษณุโลก","6w พ่วง","0","เบญจวรรณ ขนส่ง","12960","13800","-840","KNN","PRICE_MISMATCH"
"JRS-2026-0533","Completed","ซีโน่ คลองส่งน้ำ","เมืองกำแพงเพชร","6w พ่วง","1","เบญจวรรณ ขนส่ง","12960","14500","-1540","KNN","PRICE_MISMATCH"
"JRS-2026-0538","Completed","ไฮคิวผลิตภัณฑ์อาหาร","บิ๊กซี บางปะอิน","4w","0","รถร่วม deliveree","1465","1665","-200","","PRICE_MISMATCH"
"JRS-2026-0543","Completed","ล่ำสูง(บางปู)","นีโอสยาม สาย3","10w พ่วง","0","เบญจวรรณ ขนส่ง","5500","7000","-1500","KNN","PRICE_MISMATCH"
"JRS-2026-0544","Completed","ไฮคิวผลิตภัณฑ์อาหาร","นีโอสยาม สาย3","10w พ่วง","0","เบญจวรรณ ขนส่ง","5500","6000","-500","KNN","PRICE_MISMATCH"
"JRS-2026-0566","Completed","ล่ำสูง(บางปู)","แม็คโคร วังน้อย","10w พ่วง","0","เซฟ โลจิสติกส์","6000","5800","200","","PRICE_MISMATCH"
"JRS-2026-0567","Completed","ล่ำสูง(บางปู)","แม็คโคร วังน้อย","10w พ่วง","0","เซฟ โลจิสติกส์","6000","5800","200","","PRICE_MISMATCH"
"JRS-2026-0618","Completed","ล่ำสูง(บางปู)","นีโอสยาม สาย3","10w พ่วง","0","เบญจวรรณ ขนส่ง","5500","7000","-1500","KNN","PRICE_MISMATCH"
"JRS-2026-0622","Completed","ซีโน่ คลองส่งน้ำ","เมืองกำแพงเพชร","6w พ่วง","0","เบญจวรรณ ขนส่ง","12960","13500","-540","KNN","PRICE_MISMATCH"
"JRS-2026-0627","Completed","ไฮคิวผลิตภัณฑ์อาหาร","นีโอสยาม สาย3","10w พ่วง","0","เบญจวรรณ ขนส่ง","5500","6000","-500","KNN","PRICE_MISMATCH"
"JRS-2026-0635","Completed","ซีโน่ คลองส่งน้ำ","เมืองกำแพงเพชร","6w พ่วง","1","เบญจวรรณ ขนส่ง","12960","14500","-1540","KNN","PRICE_MISMATCH"
"JRS-2026-0637","Completed","ซีโน่ คลองส่งน้ำ","เมืองนครสวรรค์","6w","0","เบญจวรรณ ขนส่ง","6480","6500","-20","KNN","PRICE_MISMATCH"
"JRS-2026-0664","Completed","ซีโน่ คลองส่งน้ำ","เมืองกำแพงเพชร","6w","0","เบญจวรรณ ขนส่ง","9600","7500","2100","KNN","PRICE_MISMATCH"
"JRS-2026-0666","Completed","ไฮคิวผลิตภัณฑ์อาหาร","นีโอสยาม สาย3","10w พ่วง","0","เบญจวรรณ ขนส่ง","5500","6000","-500","KNN","PRICE_MISMATCH"
"JRS-2026-0667","Completed","ล่ำสูง(บางปู)","นีโอสยาม สาย3","10w พ่วง","0","เบญจวรรณ ขนส่ง","5500","7000","-1500","KNN","PRICE_MISMATCH"
"JRS-2026-0679","Completed","ล่ำสูง(บางปู)","นีโอสยาม สาย3","10w พ่วง","0","เบญจวรรณ ขนส่ง","5500","7000","-1500","KNN","PRICE_MISMATCH"
"JRS-2026-0681","Completed","สหพัฒน์ศรีราชา","นครปฐมไพศาล","10w พ่วง","0","พรมณี 24เอช ทรานสปอร์ต","8500","10500","-2000","YSK","PRICE_MISMATCH"
"JRS-2026-0686","Completed","ซีโน่ คลองส่งน้ำ","เมืองนครสวรรค์","6w พ่วง","0","เบญจวรรณ ขนส่ง","8748","9500","-752","KNN","PRICE_MISMATCH"
"JRS-2026-0688","Completed","ซีโน่ คลองส่งน้ำ","เมืองพิษณุโลก","6w พ่วง","0","เบญจวรรณ ขนส่ง","12960","13800","-840","KNN","PRICE_MISMATCH"
"JRS-2026-0689","Completed","ซีโน่ คลองส่งน้ำ","เมืองกำแพงเพชร","6w พ่วง","0","เบญจวรรณ ขนส่ง","12960","13500","-540","KNN","PRICE_MISMATCH"
"JRS-2026-0705","Completed","ซีโน่ คลองส่งน้ำ","เมืองพิษณุโลก","6w พ่วง","1","เบญจวรรณ ขนส่ง","12960","14800","-1840","KNN","PRICE_MISMATCH"
"JRS-2026-0706","Completed","ซีโน่ คลองส่งน้ำ","เมืองนครสวรรค์","6w พ่วง","0","เบญจวรรณ ขนส่ง","8748","9500","-752","KNN","PRICE_MISMATCH"
"JRS-2026-0707","Completed","ซีโน่ คลองส่งน้ำ","เมืองนครสวรรค์","6w พ่วง","0","เบญจวรรณ ขนส่ง","8748","9500","-752","KNN","PRICE_MISMATCH"
"JRS-2026-0730","Completed","ล่ำสูง(บางปู)","นีโอสยาม สาย3","10w พ่วง","0","เบญจวรรณ ขนส่ง","5500","7000","-1500","KNN","PRICE_MISMATCH"
"JRS-2026-0732","Completed","ซีโน่ คลองส่งน้ำ","เมืองพิษณุโลก","6w พ่วง","1","เบญจวรรณ ขนส่ง","12960","14800","-1840","KNN","PRICE_MISMATCH"
"JRS-2026-0733","Completed","ซีโน่ คลองส่งน้ำ","เมืองกำแพงเพชร","6w พ่วง","0","เบญจวรรณ ขนส่ง","12960","13500","-540","KNN","PRICE_MISMATCH"
"JRS-2026-0734","Completed","ซีโน่ คลองส่งน้ำ","เมืองนครสวรรค์","6w พ่วง","0","เบญจวรรณ ขนส่ง","8748","9500","-752","KNN","PRICE_MISMATCH"
"JRS-2026-0741","Completed","สหพัฒน์ศรีราชา","นครปฐมไพศาล","10w พ่วง","0","พรมณี 24เอช ทรานสปอร์ต","8500","10500","-2000","YSK","PRICE_MISMATCH"
"JRS-2026-0742","Completed","สหพัฒน์ศรีราชา","นครปฐมไพศาล","10w พ่วง","0","พรมณี 24เอช ทรานสปอร์ต","8500","10500","-2000","YSK","PRICE_MISMATCH"
"JRS-2026-0744","Completed","ล่ำสูง(บางปู)","นีโอสยาม สาย3","10w พ่วง","0","เบญจวรรณ ขนส่ง","5500","7000","-1500","KNN","PRICE_MISMATCH"
"JRS-2026-0745","Completed","ล่ำสูง(บางปู)","นีโอสยาม สาย3","10w พ่วง","0","เบญจวรรณ ขนส่ง","5500","7000","-1500","KNN","PRICE_MISMATCH"
"JRS-2026-0747","Completed","น้ำมันพืชไทย","ย่งยู่เส็ง นครสวรรค์","10w พ่วง","0","YSK","10000","12000","-2000","","PRICE_MISMATCH"
"JRS-2026-0748","Completed","น้ำมันพืชไทย","นีโอสยาม นครสวรรค์","10w","1","YSK","7700","9000","-1300","","PRICE_MISMATCH"
"JRS-2026-0752","Completed","ซีโน่ คลองส่งน้ำ","เมืองนครสวรรค์","6w พ่วง","0","เบญจวรรณ ขนส่ง","8748","9500","-752","KNN","PRICE_MISMATCH"
"JRS-2026-0753","Completed","ซีโน่ คลองส่งน้ำ","เมืองพิษณุโลก","6w พ่วง","0","เบญจวรรณ ขนส่ง","12960","13800","-840","KNN","PRICE_MISMATCH"
"JRS-2026-0774","Completed","ยำยำ","สยามศรีทอง แม่สอด","10w พ่วง","0","โอเคนะ","20955","18500","2455","","PRICE_MISMATCH"
"JRS-2026-0775","Completed","ยำยำ","สยามศรีทอง แม่สอด","10w พ่วง","0","โอเคนะ","20955","18500","2455","","PRICE_MISMATCH"
"JRS-2026-0781","Completed","ซีโน่ คลองส่งน้ำ","เมืองพิษณุโลก","6w พ่วง","1","เบญจวรรณ ขนส่ง","12960","14800","-1840","KNN","PRICE_MISMATCH"
"JRS-2026-0789","Completed","ซีโน่ คลองส่งน้ำ","เมืองนครสวรรค์","6w พ่วง","0","เบญจวรรณ ขนส่ง","8748","9500","-752","KNN","PRICE_MISMATCH"
"JRS-2026-0790","Completed","ซีโน่ คลองส่งน้ำ","เมืองกำแพงเพชร","6w พ่วง","0","เบญจวรรณ ขนส่ง","12960","13500","-540","KNN","PRICE_MISMATCH"
"JRS-2026-0791","Completed","เอสบีอินเตอร์แลบ(คลอง10)","เอสดับบลิวโซเฟีย แม่สอด","10w พ่วง","0","โอเคนะ","21590","18500","3090","","PRICE_MISMATCH"
"JRS-2026-0834","Completed","เอสบีอินเตอร์แลบ(คลอง10)","ร้านธนัตถ์นันท์+ร้านสุภารัตน์ แม่สอด","10w","0","โอเคนะ","16510","17095","-585","","PRICE_MISMATCH"
"JRS-2026-0845","Completed","เพนส์","นีโอสยาม แม่สอด","6w","0","โอเคนะ","10160","10520","-360","","PRICE_MISMATCH"
"JRS-2026-0846","Completed","ซีโน่ คลองส่งน้ำ","เมืองพิษณุโลก","6w พ่วง","1","เบญจวรรณ ขนส่ง","12960","14800","-1840","KNN","PRICE_MISMATCH"
"JRS-2026-0875","Completed","ล่ำสูง(บางปู)","นีโอสยาม สาย3","10w พ่วง","0","KNN","6655","5500","1155","","PRICE_MISMATCH"
"JRS-2026-0876","Completed","ไฮคิวผลิตภัณฑ์อาหาร","นีโอสยาม สาย3","10w พ่วง","0","KNN","6655","5500","1155","","PRICE_MISMATCH"
"JRS-2026-0911","Completed","ซีโน่ คลองส่งน้ำ","เมืองนครสวรรค์","6w พ่วง","0","เบญจวรรณ ขนส่ง","8748","9500","-752","KNN","PRICE_MISMATCH"
"JRS-2026-0912","Completed","ซีโน่ คลองส่งน้ำ","เมืองพิษณุโลก","6w พ่วง","0","เบญจวรรณ ขนส่ง","12960","13800","-840","KNN","PRICE_MISMATCH"
"JRS-2026-0915","Completed","ซีโน่ คลองส่งน้ำ","เมืองนครสวรรค์","6w","0","เบญจวรรณ ขนส่ง","6480","6500","-20","KNN","PRICE_MISMATCH"
"JRS-2026-0916","Completed","ไฮคิวผลิตภัณฑ์อาหาร","นีโอสยาม สาย3","10w พ่วง","0","KNN","6655","5500","1155","","PRICE_MISMATCH"
"JRS-2026-0947","Completed","ซีโน่ คลองส่งน้ำ","เมืองพิษณุโลก","6w","0","เบญจวรรณ ขนส่ง","9600","10000","-400","KNN","PRICE_MISMATCH"
"JRS-2026-0952","Completed","นีโอสยาม สาย3","นีโอสยาม แม่สอด","6w","0","โอเคนะ","9440","8000","1440","","PRICE_MISMATCH"
"JRS-2026-0976","Completed","นีโอคอร์ปอเรท คลอง13","แม่สอด","6w","0","โอเคนะ","9440","8000","1440","","PRICE_MISMATCH"
"JRS-2026-1004","Assigned","ซีโน่ คลองส่งน้ำ","เมืองนครสวรรค์","6w พ่วง","0","เบญจวรรณ ขนส่ง","8748","9500","-752","KNN","PRICE_MISMATCH"
"JRS-2026-1005","Completed","ซีโน่ คลองส่งน้ำ","เมืองพิษณุโลก","6w พ่วง","0","เบญจวรรณ ขนส่ง","12960","13800","-840","KNN","PRICE_MISMATCH"
"JRS-2026-1006","Completed","นีโอคอร์ปอเรท คลอง13","แม่สอด","6w","0","โอเคนะ","9440","8000","1440","","PRICE_MISMATCH"
"JRS-2026-1027","Completed","ซีโน่ คลองส่งน้ำ","เมืองพิษณุโลก","6w","0","เบญจวรรณ ขนส่ง","9600","10000","-400","KNN","PRICE_MISMATCH"
"JRS-2026-1031","Completed","ซีโน่ คลองส่งน้ำ","แม่สอด","6w พ่วง","0","KNN","22385","18500","3885","","PRICE_MISMATCH"
"JRS-2026-1032","Completed","ซีโน่ คลองส่งน้ำ","แม่สอด","6w พ่วง","0","KNN","22385","18500","3885","","PRICE_MISMATCH"
"JRS-2026-1033","Completed","ซีโน่ คลองส่งน้ำ","เมืองพิษณุโลก","6w พ่วง","0","เบญจวรรณ ขนส่ง","12960","13800","-840","KNN","PRICE_MISMATCH"
"JRS-2026-1034","Completed","ซีโน่ คลองส่งน้ำ","เมืองพิษณุโลก","6w พ่วง","0","เบญจวรรณ ขนส่ง","12960","13800","-840","KNN","PRICE_MISMATCH"
"JRS-2026-1056","Completed","ซีโน่ คลองส่งน้ำ","เมืองพิษณุโลก","6w พ่วง","0","เบญจวรรณ ขนส่ง","12960","13800","-840","KNN","PRICE_MISMATCH"
"JRS-2026-1059","Completed","ล่ำสูง(บางปู)","นีโอสยาม สาย3","10w พ่วง","0","KNN","6655","5500","1155","","PRICE_MISMATCH"
"JRS-2026-1067","Completed","นีโอสยาม สาย3","โลตัส ลำพูน","10w","0","รถร่วม อดุลย์ ลำปาง","13300","11500","1800","","PRICE_MISMATCH"
"JRS-2026-1071","Completed","ซีโน่ คลองส่งน้ำ","เมืองนครสวรรค์","6w พ่วง","0","เบญจวรรณ ขนส่ง","8748","9500","-752","KNN","PRICE_MISMATCH"
"JRS-2026-1072","Completed","ซีโน่ คลองส่งน้ำ","เมืองพิษณุโลก","6w พ่วง","0","เบญจวรรณ ขนส่ง","12960","13800","-840","KNN","PRICE_MISMATCH"
"JRS-2026-1073","Completed","ซีโน่ คลองส่งน้ำ","เมืองกำแพงเพชร","6w พ่วง","0","เบญจวรรณ ขนส่ง","12960","13500","-540","KNN","PRICE_MISMATCH"
"JRS-2026-1082","Completed","ซีโน่ คลองส่งน้ำ","แม่สอด","6w พ่วง","0","KNN","25410","18500","6910","","PRICE_MISMATCH"
"JRS-2026-1083","Assigned","ซีโน่ คลองส่งน้ำ","เมืองนครสวรรค์","6w","0","เบญจวรรณ ขนส่ง","6480","6500","-20","KNN","PRICE_MISMATCH"
"JRS-2026-1096","Completed","ซีโน่ คลองส่งน้ำ","แม่สอด","6w พ่วง","0","KNN","21275","18500","2775","","PRICE_MISMATCH"
"JRS-2026-1097","Completed","ซีโน่ คลองส่งน้ำ","แม่สอด","6w พ่วง","0","KNN","21275","18500","2775","","PRICE_MISMATCH"
"JRS-2026-1098","Completed","สหพัฒน์ศรีราชา","นีโอสยาม พิษณุโลก","10w พ่วง","0","พยัคฆ์ขนส่ง","19000","16000","3000","","PRICE_MISMATCH"
"JRS-2026-1106","Assigned","สหพัฒน์ศรีราชา","เมืองพิจิตร","10w พ่วง","0","พยัคฆ์ขนส่ง","19000","16000","3000","","PRICE_MISMATCH"
"JRS-2026-1144","Completed","ซีโน่ คลองส่งน้ำ","เมืองพิษณุโลก","6w พ่วง","0","เบญจวรรณ ขนส่ง","12960","13800","-840","KNN","PRICE_MISMATCH"
"JRS-2026-1145","Completed","ซีโน่ คลองส่งน้ำ","เมืองกำแพงเพชร","6w พ่วง","1","เบญจวรรณ ขนส่ง","12960","14500","-1540","KNN","PRICE_MISMATCH"
"JRS-2026-1150","Completed","ซีโน่ คลองส่งน้ำ","เมืองกำแพงเพชร","6w พ่วง","1","เบญจวรรณ ขนส่ง","12960","14500","-1540","KNN","PRICE_MISMATCH"
"JRS-2026-1174","Completed","ซีโน่ คลองส่งน้ำ","แม่สอด","6w พ่วง","0","KNN","21275","18500","2775","","PRICE_MISMATCH"
"JRS-2026-1175","Completed","สหพัฒน์ศรีราชา","นีโอสยาม กำแพงเพชร","10w พ่วง","1","พยัคฆ์ขนส่ง","19000","16000","3000","","PRICE_MISMATCH"
"JRS-2026-1195","Completed","ซีโน่ คลองส่งน้ำ","เมืองพิษณุโลก","6w พ่วง","1","เบญจวรรณ ขนส่ง","12960","14800","-1840","KNN","PRICE_MISMATCH"
"JRS-2026-1196","Completed","ซีโน่ คลองส่งน้ำ","เมืองกำแพงเพชร","6w พ่วง","1","เบญจวรรณ ขนส่ง","12960","14500","-1540","KNN","PRICE_MISMATCH"
"JRS-2026-1224","Completed","นีโอคอร์ปอเรท คลอง13","เมืองพิจิตร","6w","0","YSK","7150","7000","150","","PRICE_MISMATCH"
"JRS-2026-1226","Completed","นีโอคอร์ปอเรท คลอง13","นีโอสยาม นครสวรรค์","6w","0","YSK","6270","5700","570","","PRICE_MISMATCH"
"JRS-2026-1237","Completed","เมืองนครสวรรค์","Loscam บางนา","6w พ่วง","0","เบญจวรรณ ขนส่ง","3500","2000","1500","","PRICE_MISMATCH"
"JRS-2026-1239","Completed","นีโอคอร์ปอเรท คลอง13","เมืองพิจิตร","10w","0","YSK","8800","8000","800","","PRICE_MISMATCH"
"JRS-2026-1241","Completed","นีโอคอร์ปอเรท คลอง13","เมืองอุตรดิตถ์","10w","0","YSK","11000","10000","1000","","PRICE_MISMATCH"
"JRS-2026-1252","Completed","ซีโน่ คลองส่งน้ำ","เมืองกำแพงเพชร","6w","2","เบญจวรรณ ขนส่ง","9600","7500","2100","KNN","PRICE_MISMATCH"
"JRS-2026-1255","Completed","นีโอคอร์ปอเรท คลอง13","เมืองนครสวรรค์","6w","0","YSK","6270","5700","570","","PRICE_MISMATCH"
"JRS-2026-1256","Completed","นีโอคอร์ปอเรท คลอง13","เมืองนครสวรรค์","10w","0","YSK","7920","7200","720","","PRICE_MISMATCH"
"JRS-2026-1260","Completed","นีโอคอร์ปอเรท คลอง13","เมืองกำแพงเพชร","10w","0","YSK","9350","8500","850","","PRICE_MISMATCH"
"JRS-2026-1271","Completed","ซีโน่ คลองส่งน้ำ","เมืองพิษณุโลก","6w พ่วง","0","เบญจวรรณ ขนส่ง","12960","13800","-840","KNN","PRICE_MISMATCH"
"JRS-2026-1284","Assigned","ซีโน่ คลองส่งน้ำ","เมืองนครสวรรค์","6w พ่วง","0","เบญจวรรณ ขนส่ง","8748","9500","-752","KNN","PRICE_MISMATCH"
"JRS-2026-1285","Completed","ซีโน่ คลองส่งน้ำ","เมืองพิษณุโลก","6w พ่วง","0","เบญจวรรณ ขนส่ง","12960","13800","-840","KNN","PRICE_MISMATCH"
"JRS-2026-1286","Completed","ซีโน่ คลองส่งน้ำ","เมืองกำแพงเพชร","6w","0","เบญจวรรณ ขนส่ง","9600","7500","2100","KNN","PRICE_MISMATCH"
"JRS-2026-1287","Completed","ซีโน่ คลองส่งน้ำ","แม่สอด","6w พ่วง","0","KNN","21275","18500","2775","","PRICE_MISMATCH"
"JRS-2026-1299","Completed","นีโอคอร์ปอเรท คลอง13","เมืองกำแพงเพชร","10w","0","YSK","9350","8500","850","","PRICE_MISMATCH"
"JRS-2026-1310","Completed","ซีโน่ คลองส่งน้ำ","เมืองนครสวรรค์","6w พ่วง","0","เบญจวรรณ ขนส่ง","8748","9500","-752","KNN","PRICE_MISMATCH"
"JRS-2026-1311","Completed","ซีโน่ คลองส่งน้ำ","เมืองพิษณุโลก","6w พ่วง","0","เบญจวรรณ ขนส่ง","12960","13800","-840","KNN","PRICE_MISMATCH"
"JRS-2026-1312","Completed","ซีโน่ คลองส่งน้ำ","เมืองกำแพงเพชร","6w","0","เบญจวรรณ ขนส่ง","9600","7500","2100","KNN","PRICE_MISMATCH"
"JRS-2026-1314","Completed","นีโอคอร์ปอเรท คลอง13","แม่สอด","6w","1","โอเคนะ","9440","8000","1440","","PRICE_MISMATCH"
"JRS-2026-1328","Completed","ซีโน่ คลองส่งน้ำ","แม่สอด","6w พ่วง","0","KNN","21275","18500","2775","","PRICE_MISMATCH"
"JRS-2026-1335","Completed","นีโอคอร์ปอเรท คลอง13","แม่สอด","6w","0","โอเคนะ","9440","8000","1440","","PRICE_MISMATCH"
"JRS-2026-1337","Completed","นีโอคอร์ปอเรท คลอง13","เมืองนครสวรรค์","6w","0","YSK","6270","5700","570","","PRICE_MISMATCH"
"JRS-2026-1339","Completed","ซีโน่ คลองส่งน้ำ","เมืองกำแพงเพชร","6w พ่วง","0","เบญจวรรณ ขนส่ง","12960","13500","-540","KNN","PRICE_MISMATCH"
"JRS-2026-1340","Completed","นีโอคอร์ปอเรท คลอง13","แม่สอด","6w","0","โอเคนะ","9440","8000","1440","","PRICE_MISMATCH"
"JRS-2026-1341","Completed","นีโอคอร์ปอเรท คลอง13","เมืองกำแพงเพชร","6w","0","YSK","8250","7500","750","","PRICE_MISMATCH"
"JRS-2026-1351","Completed","นีโอคอร์ปอเรท คลอง13","แม่สอด","6w","0","โอเคนะ","9440","8000","1440","","PRICE_MISMATCH"
"JRS-2026-1363","Completed","ซีโน่ คลองส่งน้ำ","เมืองกำแพงเพชร","6w พ่วง","1","เบญจวรรณ ขนส่ง","12960","14500","-1540","KNN","PRICE_MISMATCH"
"JRS-2026-1373","Completed","นีโอคอร์ปอเรท คลอง13","เมืองกำแพงเพชร","6w","0","YSK","8250","7500","750","","PRICE_MISMATCH"
"JRS-2026-1377","Completed","ซีโน่ คลองส่งน้ำ","แม่สอด","6w พ่วง","0","KNN","21275","18500","2775","","PRICE_MISMATCH"
"JRS-2026-1378","Assigned","ซีโน่ คลองส่งน้ำ","เมืองนครสวรรค์","6w","0","เบญจวรรณ ขนส่ง","6480","6500","-20","KNN","PRICE_MISMATCH"
"JRS-2026-1379","Completed","นีโอคอร์ปอเรท คลอง13","เมืองกำแพงเพชร","6w","0","YSK","8250","7500","750","","PRICE_MISMATCH"
"JRS-2026-1380","Completed","นีโอคอร์ปอเรท คลอง13","นีโอสยาม พิษณุโลก","6w","0","YSK","8250","7500","750","","PRICE_MISMATCH"
"JRS-2026-1400","Completed","นีโอคอร์ปอเรท คลอง13","เมืองกำแพงเพชร","10w พ่วง","0","YSK","13750","12500","1250","","PRICE_MISMATCH"
"JRS-2026-1401","Completed","นีโอคอร์ปอเรท คลอง13","เมืองกำแพงเพชร","6w","0","YSK","8250","7500","750","","PRICE_MISMATCH"
"JRS-2026-1402","Completed","นีโอคอร์ปอเรท คลอง13","เมืองกำแพงเพชร","10w","1","YSK","9350","9000","350","","PRICE_MISMATCH"
"JRS-2026-1403","Assigned","นีโอคอร์ปอเรท คลอง13","เมืองนครสวรรค์","10w","1","YSK","8420","7700","720","","PRICE_MISMATCH"
"JRS-2026-1416","Completed","ซีโน่ คลองส่งน้ำ","เมืองพิษณุโลก","6w","0","เบญจวรรณ ขนส่ง","9600","10000","-400","KNN","PRICE_MISMATCH"
"JRS-2026-1426","Completed","นีโอคอร์ปอเรท คลอง13","แม่สอด","6w","0","โอเคนะ","9440","8000","1440","","PRICE_MISMATCH"
"JRS-2026-1431","Assigned","ซีโน่ คลองส่งน้ำ","เมืองนครสวรรค์","6w พ่วง","0","เบญจวรรณ ขนส่ง","8748","9500","-752","KNN","PRICE_MISMATCH"
"JRS-2026-1432","Assigned","ซีโน่ คลองส่งน้ำ","เมืองนครสวรรค์","6w พ่วง","0","เบญจวรรณ ขนส่ง","8748","9500","-752","KNN","PRICE_MISMATCH"
"JRS-2026-1433","Completed","ซีโน่ คลองส่งน้ำ","เมืองพิษณุโลก","6w พ่วง","0","เบญจวรรณ ขนส่ง","12960","13800","-840","KNN","PRICE_MISMATCH"
"JRS-2026-1434","Completed","ซีโน่ คลองส่งน้ำ","เมืองกำแพงเพชร","6w พ่วง","0","เบญจวรรณ ขนส่ง","12960","13500","-540","KNN","PRICE_MISMATCH"
"JRS-2026-1435","Completed","นีโอคอร์ปอเรท คลอง13","เมืองนครสวรรค์","6w","0","YSK","6270","5700","570","","PRICE_MISMATCH"
"JRS-2026-1436","Completed","นีโอคอร์ปอเรท คลอง13","นีโอสยาม พิษณุโลก","10w พ่วง","0","YSK","13750","12500","1250","","PRICE_MISMATCH"
"JRS-2026-1439","Assigned","นีโอคอร์ปอเรท คลอง13","เมืองพิจิตร","6w","0","YSK","7150","7000","150","","PRICE_MISMATCH"
"JRS-2026-1460","Assigned","ซีโน่ คลองส่งน้ำ","เมืองนครสวรรค์","6w พ่วง","0","เบญจวรรณ ขนส่ง","8748","9500","-752","KNN","PRICE_MISMATCH"
"JRS-2026-1493","New Request","น้ำตาลนครเพชร กำแพงเพชร","โอสถสภา อยุธยา","18w","0","จิระศักดิ์","9500","9750","-250","บ้านขาวโลจิสติกส์","PRICE_MISMATCH"
"JRS-2026-1494","New Request","น้ำตาลนครเพชร กำแพงเพชร","โอสถสภา อยุธยา","18w","0","จิระศักดิ์","9500","9750","-250","บ้านขาวโลจิสติกส์","PRICE_MISMATCH"
"JRS-2026-1495","New Request","น้ำตาลนครเพชร กำแพงเพชร","โอสถสภา อยุธยา","18w","0","จิระศักดิ์","9500","9750","-250","บ้านขาวโลจิสติกส์","PRICE_MISMATCH"
"JRS-2026-1521","Completed","นีโอคอร์ปอเรท คลอง13","แจ่มฟ้า ลำพูน","10w พ่วง","0","YSK","20000","18500","1500","รถร่วมพรแม่ย่า","PRICE_MISMATCH"
"JRS-2026-1531","Assigned","ซีโน่ คลองส่งน้ำ","เมืองพิษณุโลก","6w พ่วง","0","เบญจวรรณ ขนส่ง","12960","13800","-840","KNN","PRICE_MISMATCH"
"JRS-2026-1532","Assigned","ซีโน่ คลองส่งน้ำ","เมืองนครสวรรค์","6w","0","เบญจวรรณ ขนส่ง","6480","6500","-20","KNN","PRICE_MISMATCH"
"JRS-2026-1536","Assigned","ซีโน่ คลองส่งน้ำ","เมืองพิษณุโลก","6w พ่วง","1","เบญจวรรณ ขนส่ง","12960","14800","-1840","KNN","PRICE_MISMATCH"
"JRS-2026-1552","Assigned","ซีโน่ คลองส่งน้ำ","เมืองกำแพงเพชร","6w พ่วง","1","เบญจวรรณ ขนส่ง","12960","14500","-1540","KNN","PRICE_MISMATCH"
"JRS-2026-1570","Completed","ซีโน่ คลองส่งน้ำ","เมืองนครสวรรค์","6w พ่วง","0","เบญจวรรณ ขนส่ง","8748","9500","-752","KNN","PRICE_MISMATCH"
"JRS-2026-1585","Assigned","สหพัฒน์ศรีราชา","เมืองพิจิตร","10w พ่วง","0","ธนโชค (คุณตุ่น)","27000","12000","15000","เบญจวรรณ ขนส่ง","PRICE_MISMATCH"
"JRS-2026-1591","Assigned","ซีโน่ คลองส่งน้ำ","เมืองพิษณุโลก","6w พ่วง","1","เบญจวรรณ ขนส่ง","12960","14800","-1840","KNN","PRICE_MISMATCH"
"JRS-2026-1592","Assigned","ซีโน่ คลองส่งน้ำ","เมืองกำแพงเพชร","6w พ่วง","1","เบญจวรรณ ขนส่ง","12960","14500","-1540","KNN","PRICE_MISMATCH"
"JRS-2026-0004","Completed","ซีโน่ คลองส่งน้ำ","เมืองเชียงราย","6w พ่วง","0","เบญจวรรณ ขนส่ง","24046.5","","","","NO_CONTRACT_FOR_SUB"
"JRS-2026-0010","Completed","โรงงานฟ้าอรุณ-สุพรรณบุรี","นีโอสยาม พิษณุโลก","18w","0","YSK","12500","","","","NO_CONTRACT_FOR_SUB"
"JRS-2026-0018","Completed","ยำยำ","แม่สอด","10w พ่วง","0","วิวัฒน์ทราน","18500","","","","NO_CONTRACT_FOR_SUB"
"JRS-2026-0019","Completed","ยำยำ","แม่สอด","10w พ่วง","0","วิวัฒน์ทราน","18500","","","","NO_CONTRACT_FOR_SUB"
"JRS-2026-0086","Completed","นีโอคอร์ปอเรท คลอง13","เชียงใหม่คอสเมติกส์","6w","0","รถร่วม อดุลย์ ลำปาง","9000","","","","NO_CONTRACT_FOR_SUB"
"JRS-2026-0097","Completed","สหพัฒน์ศรีราชา","แม็คโคร เมืองนครปฐม","10w","0","พรมณี 24เอช ทรานสปอร์ต","8000","","","","NO_CONTRACT_FOR_SUB"
"JRS-2026-0123","Completed","สหพัฒน์ศรีราชา","แม็คโคร เมืองนครปฐม","10w พ่วง","0","พรมณี 24เอช ทรานสปอร์ต","10500","","","","NO_CONTRACT_FOR_SUB"
"JRS-2026-0124","Completed","สหพัฒน์ศรีราชา","แม็คโคร เมืองนครปฐม","10w","0","พรมณี 24เอช ทรานสปอร์ต","8000","","","","NO_CONTRACT_FOR_SUB"
"JRS-2026-0140","Completed","สหพัฒน์ศรีราชา","แม็คโคร เมืองนครปฐม","10w พ่วง","0","พรมณี 24เอช ทรานสปอร์ต","10500","","","","NO_CONTRACT_FOR_SUB"
"JRS-2026-0286","Completed","อำพลฟู้ดส์","แม่สอด","10w","0","โอเคนะ","13000","","","","NO_CONTRACT_FOR_SUB"
"JRS-2026-0311","Completed","อำพลฟู้ดส์","เพชรบูรณ์(อ.วิเชียร-อ.เมือง)","10w","1","ประกายเพชรขนส่ง","9000","","","","NO_CONTRACT_FOR_SUB"
"JRS-2026-0357","Completed","นีโอคอร์ปอเรท คลอง13","เชียงใหม่คอสเมติกส์","6w","0","รถร่วม อดุลย์ ลำปาง","9000","","","","NO_CONTRACT_FOR_SUB"
"JRS-2026-0393","Completed","นีโอคอร์ปอเรท คลอง13","เชียงใหม่คอสเมติกส์","6w","0","รถร่วม อดุลย์ ลำปาง","9000","","","","NO_CONTRACT_FOR_SUB"
"JRS-2026-0395","Completed","นีโอคอร์ปอเรท คลอง13","เชียงใหม่คอสเมติกส์","6w","1","รถร่วม อดุลย์ ลำปาง","9500","","","","NO_CONTRACT_FOR_SUB"
"JRS-2026-0414","Completed","อำพลฟู้ดส์","ตาก เมือง","10w","0","รถร่วม deliveree","10000","","","","NO_CONTRACT_FOR_SUB"
"JRS-2026-0592","Completed","นีโอคอร์ปอเรท คลอง13","เชียงใหม่คอสเมติกส์","6w","0","รถร่วม อดุลย์ ลำปาง","9000","","","","NO_CONTRACT_FOR_SUB"
"JRS-2026-0610","Assigned","อำพลฟู้ดส์","เพชรบูรณ์(อ.วิเชียร-อ.เมือง)","10w","1","ประกายเพชรขนส่ง","9000","","","","NO_CONTRACT_FOR_SUB"
"JRS-2026-0694","Completed","นีโอคอร์ปอเรท คลอง13","เชียงใหม่คอสเมติกส์","6w","0","รถร่วม อดุลย์ ลำปาง","9000","","","","NO_CONTRACT_FOR_SUB"
"JRS-2026-0786","Completed","อำพลฟู้ดส์","แม่สอด","10w","0","โอเคนะ","16510","","","","NO_CONTRACT_FOR_SUB"
"JRS-2026-0992","Completed","ไฮคิวผลิตภัณฑ์อาหาร","ร้านแจ่มฟ้า ลำพูน","10w","0","YSK","15120","","","","NO_CONTRACT_FOR_SUB"
"JRS-2026-1021","Completed","นีโอคอร์ปอเรท คลอง13","เชียงใหม่คอสเมติกส์","6w","0","รถร่วม อดุลย์ ลำปาง","9000","","","","NO_CONTRACT_FOR_SUB"
"JRS-2026-1497","Completed","ลานจอดเซ็นทรัล เวสเกต","โรงงาน  นีโอสุกี้ไทยเรสเทอรองส์","6w","0","รถเงินสด","2300","","","","NO_CONTRACT_FOR_SUB"